vehicle_type,record_count,unique_policies,avg_premium
Coupe,12394,131,1919.9693246732288
Hatchback,11634,137,1901.4918368574868
Truck,10732,123,1902.1205227357427
Wagon,10365,117,1867.008149541728
Crossover,9928,116,1929.7709780419013
SUV,9795,108,1832.7448984175605
Convertible,9297,99,1986.9112391093909
Sports Car,8874,100,1996.8935271579885
Sedan,8821,107,1828.9349665570803
Minivan,8312,92,1869.6627634744948
